sensor_type,global_mean,global_min,global_max,global_stddev,anomaly_rate_pct
humidity,61.859615384615395,30.23,94.7,19.18858791395421,9.134615384615383
pressure,1010.2219402985075,980.31,1039.38,17.271404132739686,33.83084577114428
temperature,29.996945812807876,15.08,44.95,8.786621723895443,33.497536945812804
